{
   "templates":{
      "data_series_appearances":"http://cloud.rovicorp.com/data/2/2.4/lookup/series/{id}/service/{serviceId};offering=AU,BR,CA,CN,IN,EUR,LTA,RU,SEA,US,TR/appearances/{date}?size=20&page={page}",
      "data_season":"http://cloud.rovicorp.com/data/2/2.4/lookup/season/{id};market=?in={in},{in2},{in3}",
      "data_movie_related":"http://cloud.rovicorp.com/data/2/2.4/lookup/movie/{id}/related;relation={relation}?in={in},{in2},{in3}&page={page}&size=50",
      "data_service":"http://cloud.rovicorp.com/data/2/2.4/lookup/service/{id}?idns=program,service,iguide,source",
      "mgmt_device":"http://cloud.rovicorp.com/mgmt/v1/users/{userId}/devices/{deviceId}",
      "media_logo":"http://cloud.rovicorp.com/media/v1/logo/{style}/{id}.png",
      "data_other_related":"http://cloud.rovicorp.com/data/2/2.4/lookup/other/{id}/related;relation={relation}?in={in},{in2},{in3}&page={page}&size=50",
      "data_other":"http://cloud.rovicorp.com/data/2/2.4/lookup/other.(*,,facebooks,twitters)/{id};market=?in={in},{in2},{in3}",
      "data_series_awards":"http://cloud.rovicorp.com/data/2/2.4/lookup/series.(*,recipients.person.image:type=:first)/{id}/awards?in={in},{in2},{in3}&page={page}&size=20&by={by}",
      "data_release":"http://cloud.rovicorp.com/data/2/2.4/lookup/release/{id};market=?in={in},{in2},{in3}",
      "discover_all_video_similar_to":{
         "content":"http://cloud.rovicorp.com/discover/2.1/2/search?nsid={id}&lineupId={lineupId}&os={next}&DS=255&RFTR=256&PN=524300&XUA=rovicondor&ECT=5&ver=3.0&RCty=related&RPR=10&idns=dl,-cat&criteria=nsid-id,os-next&me=discover_all_video_similar_to&sub=content"
      },
      "data_other_aired":"http://cloud.rovicorp.com/data/2/2.4/lookup/other/{id}/aired;country={country}?page={page}&size=50",
      "data_other_theatricals":"http://cloud.rovicorp.com/data/2/2.4/lookup/other.(*,[DATA-BOXOFFICE])/{id}/theatricals?page={page}&size=50",
      "discover_available_video_similar_to":{
         "content":"http://cloud.rovicorp.com/discover/2.1/2/search?nsid={id}&lineupId={lineupId}&os={next}&DS=255&RFTR=256&PN=12&onlyAvailable=1&XUA=rovicondor&ECT=5&ver=3.0&RCty=related&RPR=10&idns=dl,-cat&criteria=nsid-id,lineupId-lineupId,os-next&me=discover_available_video_similar_to&sub=content"
      },
      "data_movie":"http://cloud.rovicorp.com/data/2/2.4/lookup/movie.(*,moods,tones,themes,keywords,aesthetics,audiences,periods,characters,importance,flags,,facebooks,twitters)/{id};market=?in={in},{in2},{in3}",
      "data_release_theatricals":"http://cloud.rovicorp.com/data/2/2.4/lookup/release.(*,[DATA-BOXOFFICE])/{id}/theatricals?page={page}&size=50",
      "data_name":"http://cloud.rovicorp.com/data/2/2.4/lookup/name/{id}",
      "pin_password_change":"http://cloud.rovicorp.com/pin/v1/users/{username}/changepassword",
      "data_other_appearances":"http://cloud.rovicorp.com/data/2/2.4/lookup/other/{id}/service/{serviceId};offering=AU,BR,CA,CN,IN,EUR,LTA,RU,SEA,US,TR/appearances/{date}?size=20&page={page}",
      "data_name_images":{
         "collection":"http://cloud.rovicorp.com/data/2/2.4/lookup/name/{id}/images;type=?size=50&page={page}&in={in},{in2},{in3}",
         "best":"http://cloud.rovicorp.com/data/2/2.4/batch/name/{id},{id2},{id3}/images;type=/first?by={by},{by2},{by3},{by4},{by5}&in={in},{in2},{in3}"
      },
      "data_airing_synopses":{
         "collection":"http://cloud.rovicorp.com/data/2/2.4/lookup/airing/{id}/synopses?in={in},{in2},{in3}",
         "best":"http://cloud.rovicorp.com/data/2/2.4/lookup/airing/{id}/synopses/first?by=length%3D{length},length%3D{length2},length%3D{length3},length%3D{length4}&in={in},{in2},{in3}"
      },
      "discover_available_video_by_search":{
         "content":"http://cloud.rovicorp.com/discover/2.1/2/search?W={query}&lineupId={lineupId}&os={next}&sc={context}&DS=255&RFTR=256&PN=12&onlyAvailable=1&XUA=rovicondor&ECT=5&ver=3.0&RPR=10&idns=dl,-cat&criteria=W-query,lineupId-lineupId,os-next,sc-context&me=discover_available_video_by_search&sub=content",
         "movies":"http://cloud.rovicorp.com/discover/2.1/2/search?W={query}&lineupId={lineupId}&os={next}&sc={context}&DS=255&RFTR=256&PN=12&onlyAvailable=1&XUA=rovicondor&ECT=5&ver=3.0&RPR=10&TypeFilter=movie,sequel&idns=dl,-cat&criteria=W-query,lineupId-lineupId,os-next,sc-context&me=discover_available_video_by_search&sub=movies",
         "sports":"http://cloud.rovicorp.com/discover/2.1/2/search?W={query}&lineupId={lineupId}&os={next}&sc={context}&DS=255&RFTR=256&PN=12&onlyAvailable=1&XUA=rovicondor&ECT=5&ver=3.0&RPR=10&TypeFilter=Game,Team,Tournament,SportsGroup&idns=dl,-cat&criteria=W-query,lineupId-lineupId,os-next,sc-context&me=discover_available_video_by_search&sub=sports",
         "series":"http://cloud.rovicorp.com/discover/2.1/2/search?W={query}&lineupId={lineupId}&os={next}&sc={context}&DS=255&RFTR=256&PN=12&onlyAvailable=1&XUA=rovicondor&ECT=5&ver=3.0&RPR=10&TypeFilter=tvseries,episode&idns=dl,-cat&criteria=W-query,lineupId-lineupId,os-next,sc-context&me=discover_available_video_by_search&sub=series"
      },
      "pin_password_forgot":"http://cloud.rovicorp.com/pin/v1/users/{username}/forgotpassword",
      "data_source":"http://cloud.rovicorp.com/data/2/2.4/lookup/source/{id}?idns=program,service,iguide,source",
      "data_series_synopses":{
         "collection":"http://cloud.rovicorp.com/data/2/2.4/lookup/series/{id}/synopses?in={in},{in2},{in3}",
         "best":"http://cloud.rovicorp.com/data/2/2.4/lookup/series/{id}/synopses/first?by=length%3D{length},length%3D{length2},length%3D{length3},length%3D{length4}&in={in},{in2},{in3}"
      },
      "discover_all_trending_video":{
         "content":"http://cloud.rovicorp.com/discover/2.1/2/search?lineupId={lineupId}&os={next}&SC=2-MySignature--101,MySignatureTopics--47&un=kramer_trends&app=TVTAP&DS=255&RFTR=256&PN=524301&XUA=rovicondor&ECT=5&ver=3.0&RCty=search&RPR=10&idns=dl,-cat&criteria=os-next&me=discover_all_trending_video&sub=content",
         "movies":"http://cloud.rovicorp.com/discover/2.1/2/search?lineupId={lineupId}&os={next}&SC=2-MySignature--101,MySignatureTopics--47&un=kramer_trends&app=TVTAP&DS=255&RFTR=256&PN=524301&XUA=rovicondor&ECT=5&ver=3.0&RCty=search&RPR=10&TypeFilter=movie,sequel&idns=dl,-cat&criteria=os-next&me=discover_all_trending_video&sub=movies",
         "sports":"http://cloud.rovicorp.com/discover/2.1/2/search?lineupId={lineupId}&os={next}&SC=2-MySignature--101,MySignatureTopics--47&un=kramer_trends&app=TVTAP&DS=255&RFTR=256&PN=524301&XUA=rovicondor&ECT=5&ver=3.0&RCty=search&RPR=10&TypeFilter=Game,Team,Tournament,SportsGroup&idns=dl,-cat&criteria=os-next&me=discover_all_trending_video&sub=sports",
         "series":"http://cloud.rovicorp.com/discover/2.1/2/search?lineupId={lineupId}&os={next}&SC=2-MySignature--101,MySignatureTopics--47&un=kramer_trends&app=TVTAP&DS=255&RFTR=256&PN=524301&XUA=rovicondor&ECT=5&ver=3.0&RCty=search&RPR=10&TypeFilter=tvseries,episode&idns=dl,-cat&criteria=os-next&me=discover_all_trending_video&sub=series"
      },
      "data_season_episodes":"http://cloud.rovicorp.com/data/2/2.4/lookup/season/{id}/episodes?page={page}&size=20",
      "data_series_ratings":"http://cloud.rovicorp.com/data/2/2.4/lookup/series/{id}/ratings;countries={country}",
      "pin_password_reset":"http://cloud.rovicorp.com/pin/v1/users/{username}/resetpassword",
      "data_other_releases":"http://cloud.rovicorp.com/data/2/2.4/lookup/other/{id}/releases?in={in},{in2},{in3}&page={page}&size=50",
      "data_award":"http://cloud.rovicorp.com/data/2/2.4/lookup/award.(*,winners.recipients.person.image:type=:first,nominees.recipients.person.image:type=:first)/{id}?in={in},{in2},{in3}",
      "data_episode_aired":"http://cloud.rovicorp.com/data/2/2.4/lookup/episode/{id}/aired;country={country}?page={page}&size=50",
      "data_other_synopses":{
         "collection":"http://cloud.rovicorp.com/data/2/2.4/lookup/other/{id}/synopses?in={in},{in2},{in3}",
         "best":"http://cloud.rovicorp.com/data/2/2.4/lookup/other/{id}/synopses/first?by=length%3D{length},length%3D{length2},length%3D{length3},length%3D{length4}&in={in},{in2},{in3}"
      },
      "data_other_awards":"http://cloud.rovicorp.com/data/2/2.4/lookup/other.(*,recipients.person.image:type=:first)/{id}/awards?in={in},{in2},{in3}&page={page}&size=20&by={by}",
      "pin_password_security_choices":"http://cloud.rovicorp.com/pin/v1/users/securityquestions",
      "data_service_schedules":{
         "bulk":"http://cloud.rovicorp.com/data/2/2.4/lookup/service/{id};offering=AU,BR,CA,CN,IN,EUR,LTA,RU,SEA,US,TR/schedule/{date}?page={page}&size=50&duration=6&block={block}",
         "screen":"http://cloud.rovicorp.com/data/2/2.4/lookup/service/{id};offering=AU,BR,CA,CN,IN,EUR,LTA,RU,SEA,US,TR/schedule/{date}?page={page}&size=10&duration=4&block={block}",
         "single":"http://cloud.rovicorp.com/data/2/2.4/lookup/service/{id};offering=AU,BR,CA,CN,IN,EUR,LTA,RU,SEA,US,TR/schedule/{date}?page={page}&size=1&duration=24"
      },
      "data_series":"http://cloud.rovicorp.com/data/2/2.4/lookup/series.(*,moods,tones,themes,keywords,aesthetics,audiences,periods,characters,importance,flags,facebooks,twitters)/{id};market=?in={in},{in2},{in3}",
      "mgmt_tune":"http://cloud.rovicorp.com/mgmt/v1/users/{userId}/devices/{deviceId}/channel",
      "data_episode_credits":{
         "cast":"http://cloud.rovicorp.com/data/2/2.4/lookup/episode.(*,person.image:type=:first)/{id}/credits;isCast=true?page={page}&size=20&by={by},{by2},{by3},{by4},{by5}&in={in},{in2},{in3}",
         "crew":"http://cloud.rovicorp.com/data/2/2.4/lookup/episode.(*,person.image:type=:first)/{id}/credits;isCast=false?page={page}&size=20&by={by},{by2},{by3},{by4},{by5}&in={in},{in2},{in3}",
         "credits":"http://cloud.rovicorp.com/data/2/2.4/lookup/episode.(*,person.image:type=:first)/{id}/credits?page={page}&size=20&by={by},{by2},{by3},{by4},{by5}&in={in},{in2},{in3}"
      },
      "data_release_synopses":{
         "collection":"http://cloud.rovicorp.com/data/2/2.4/lookup/release/{id}/synopses?in={in},{in2},{in3}",
         "best":"http://cloud.rovicorp.com/data/2/2.4/lookup/release/{id}/synopses/first?by=length%3D{length},length%3D{length2},length%3D{length3},length%3D{length4}&in={in},{in2},{in3}"
      },
      "data_movie_credits":{
         "cast":"http://cloud.rovicorp.com/data/2/2.4/lookup/movie.(*,person.image:type=:first)/{id}/credits;isCast=true?in={in},{in2},{in3}&page={page}&size=20&by={by}",
         "crew":"http://cloud.rovicorp.com/data/2/2.4/lookup/movie.(*,person.image:type=:first)/{id}/credits;isCast=false?in={in},{in2},{in3}&page={page}&size=20&by={by}",
         "credits":"http://cloud.rovicorp.com/data/2/2.4/lookup/movie.(*,person.image:type=:first)/{id}/credits?in={in},{in2},{in3}&page={page}&size=20&by={by}"
      },
      "data_movie_synopses":{
         "collection":"http://cloud.rovicorp.com/data/2/2.4/lookup/movie/{id}/synopses?in={in},{in2},{in3}",
         "best":"http://cloud.rovicorp.com/data/2/2.4/lookup/movie/{id}/synopses/first?by=length%3D{length},length%3D{length2},length%3D{length3},length%3D{length4}&in={in},{in2},{in3}"
      },
      "mgmt_clients":"http://cloud.rovicorp.com/mgmt/v1/users/clients",
      "discover_available_watchable_video":{
         "content":"http://cloud.rovicorp.com/discover/2.1/2/search?lineupId={lineupId}&os={next}&SC=1-ImplicitChannels--103&DS=255&RFTR=4&PN=13&XUA=rovicondor&ECT=5&ver=3.0&RCty=search&RPR=10&idns=dl,-cat&criteria=lineupId-lineupId,os-next&me=discover_available_watchable_video&sub=content",
         "movies":"http://cloud.rovicorp.com/discover/2.1/2/search?lineupId={lineupId}&os={next}&SC=1-ImplicitChannels--103&DS=255&RFTR=4&PN=13&XUA=rovicondor&ECT=5&ver=3.0&RCty=search&RPR=10&TypeFilter=movie,sequel&idns=dl,-cat&criteria=lineupId-lineupId,os-next&me=discover_available_watchable_video&sub=movies",
         "sports":"http://cloud.rovicorp.com/discover/2.1/2/search?lineupId={lineupId}&os={next}&SC=1-ImplicitChannels--103&DS=255&RFTR=4&PN=13&XUA=rovicondor&ECT=5&ver=3.0&RCty=search&RPR=10&TypeFilter=Game,Team,Tournament,SportsGroup&idns=dl,-cat&criteria=lineupId-lineupId,os-next&me=discover_available_watchable_video&sub=sports",
         "series":"http://cloud.rovicorp.com/discover/2.1/2/search?lineupId={lineupId}&os={next}&SC=1-ImplicitChannels--103&DS=255&RFTR=4&PN=13&XUA=rovicondor&ECT=5&ver=3.0&RCty=search&RPR=10&TypeFilter=tvseries,episode&idns=dl,-cat&criteria=lineupId-lineupId,os-next&me=discover_available_watchable_video&sub=series"
      },
      "data_delta_movie_awards":"http://cloud.rovicorp.com/data/2/2.4/delta/movie/awards?day={day}&size=100&next={next}",
      "data_movie_appearances":"http://cloud.rovicorp.com/data/2/2.4/lookup/movie/{id}/service/{serviceId};offering=AU,BR,CA,CN,IN,EUR,LTA,RU,SEA,US,TR/appearances/{date}?size=20&page={page}",
      "data_season_synopses":{
         "collection":"http://cloud.rovicorp.com/data/2/2.4/lookup/season/{id}/synopses?in={in},{in2},{in3}",
         "best":"http://cloud.rovicorp.com/data/2/2.4/lookup/season/{id}/synopses/first?by=length%3D{length},length%3D{length2},length%3D{length3},length%3D{length4}&in={in},{in2},{in3}"
      },
      "data_content_images":{
         "collection":"http://cloud.rovicorp.com/data/2/2.4/lookup/content/{id}/images?size=50&page={page}&in={in},{in2},{in3}",
         "best":"http://cloud.rovicorp.com/data/2/2.4/batch/content/{id},{id2},{id3}/images/first?by={by},{by2},{by3},{by4},{by5}&in={in},{in2},{in3}"
      },
      "data_browse_service":"http://cloud.rovicorp.com/data/2/2.4/browse/service;country={country};postalCode={postalCode};msoId={msoId};offering=AU,BR,CA,CN,IN,EUR,LTA,RU,SEA,US,TR?idns=program,service,iguide,source&page={page}&size=20",
      "data_episode_synopses":{
         "collection":"http://cloud.rovicorp.com/data/2/2.4/lookup/episode/{id}/synopses?in={in},{in2},{in3}",
         "best":"http://cloud.rovicorp.com/data/2/2.4/lookup/episode/{id}/synopses/first?by=length%3D{length},length%3D{length2},length%3D{length3},length%3D{length4}&in={in},{in2},{in3}"
      },
      "data_airing":"http://cloud.rovicorp.com/data/2/2.4/lookup/airing/{id}",
      "media_image":{
         "sized":"http://cloud.rovicorp.com/media/v1/image/{zoom}/{size}/{aspect}/{id}.jpg",
         "master":"http://cloud.rovicorp.com/media/v1/source/{id}"
      },
      "data_delta_person":"http://cloud.rovicorp.com/data/2/2.4/delta/person?day={day}&size=100&next={next}",
      "data_person_appearances":"http://cloud.rovicorp.com/data/2/2.4/lookup/person/{id}/service/{serviceId};offering=AU,BR,CA,CN,IN,EUR,LTA,RU,SEA,US,TR/appearances/{date}?size=20&page={page}",
      "data_movie_aired":"http://cloud.rovicorp.com/data/2/2.4/lookup/movie/{id}/aired;country={country}?page={page}&size=50",
      "data_service_channels":{
         "bulk":"http://cloud.rovicorp.com/data/2/2.4/lookup/service/{id};offering=AU,BR,CA,CN,IN,EUR,LTA,RU,SEA,US,TR/channels?idns=program,service,iguide,source&page={page}&size=50",
         "screen":"http://cloud.rovicorp.com/data/2/2.4/lookup/service/{id};offering=AU,BR,CA,CN,IN,EUR,LTA,RU,SEA,US,TR/channels?idns=program,service,iguide,source&page={page}&size=10",
         "single":"http://cloud.rovicorp.com/data/2/2.4/lookup/service/{id};offering=AU,BR,CA,CN,IN,EUR,LTA,RU,SEA,US,TR/channels?idns=program,service,iguide,source&page={page}&size=1"
      },
      "data_delta_episode":"http://cloud.rovicorp.com/data/2/2.4/delta/episode?day={day}&size=100&next={next}",
      "data_series_seasons":"http://cloud.rovicorp.com/data/2/2.4/lookup/series/{id}/seasons?page={page}&size=20&in={in},{in2},{in3}",
      "mgmt_recording_series":"http://cloud.rovicorp.com/mgmt/v1/users/{userId}/devices/{deviceId}/series_recordings/{recordingId}?idns={idns}",
      "data_delta_other":"http://cloud.rovicorp.com/data/2/2.4/delta/other?day={day}&size=100&next={next}",
      "pin_user_login":"http://cloud.rovicorp.com/pin/v1/users/login",
      "data_series_history":"http://cloud.rovicorp.com/data/2/2.4/lookup/series/{id}/history?page={page}&size=50",
      "data_movie_theatricals":"http://cloud.rovicorp.com/data/2/2.4/lookup/movie.(*,[DATA-BOXOFFICE])/{id}/theatricals?page={page}&size=50",
      "data_airing_credits":{
         "cast":"http://cloud.rovicorp.com/data/2/2.4/lookup/airing.(*,person.image:type=:first)/{id}/credits;isCast=true?page={page}&size=20&by={by}",
         "crew":"http://cloud.rovicorp.com/data/2/2.4/lookup/airing.(*,person.image:type=:first)/{id}/credits;isCast=false?page={page}&size=20&by={by}",
         "credits":"http://cloud.rovicorp.com/data/2/2.4/lookup/airing.(*,person.image:type=:first)/{id}/credits?page={page}&size=20&by={by}"
      },
      "data_person_awards":"http://cloud.rovicorp.com/data/2/2.4/lookup/person/{id}/awards?in={in},{in2},{in3}&page={page}&size=20&by={by}",
      "data_source_logos":{
         "collection":"http://cloud.rovicorp.com/data/2/2.4/lookup/source/{id}/logos?size=50&page={page}&in={in},{in2},{in3}",
         "best":"http://cloud.rovicorp.com/data/2/2.4/batch/source/{id},{id2},{id3}/logos/first?by={by},{by2},{by3},{by4},{by5}&in={in},{in2},{in3}"
      },
      "data_movie_ratings":"http://cloud.rovicorp.com/data/2/2.4/lookup/movie/{id}/ratings;countries={country}",
      "data_movie_review":"http://cloud.rovicorp.com/data/2/2.4/lookup/movie/{id}/review?in={in},{in2},{in3}",
      "data_episode_ratings":"http://cloud.rovicorp.com/data/2/2.4/lookup/episode/{id}/ratings;countries={country}",
      "pin_user_security_questions":"http://cloud.rovicorp.com/pin/v1/users/{username}/securityquestions",
      "discover_available_video_by_genre":{
         "content":"http://cloud.rovicorp.com/discover/2.1/2/search?name={genre}&lineupId={lineupId}&os={next}&sc={context}&DS=255&RFTR=256&PN=12&onlyAvailable=1&XUA=rovicondor&ECT=5&ver=3.0&RPR=10&idns=dl,-cat&criteria=name-genre,lineupId-lineupId,os-next,sc-context&me=discover_available_video_by_genre&sub=content",
         "movies":"http://cloud.rovicorp.com/discover/2.1/2/search?name={genre}&lineupId={lineupId}&os={next}&sc={context}&DS=255&RFTR=256&PN=12&onlyAvailable=1&XUA=rovicondor&ECT=5&ver=3.0&RPR=10&TypeFilter=movie,sequel&idns=dl,-cat&criteria=name-genre,lineupId-lineupId,os-next,sc-context&me=discover_available_video_by_genre&sub=movies",
         "sports":"http://cloud.rovicorp.com/discover/2.1/2/search?name={genre}&lineupId={lineupId}&os={next}&sc={context}&DS=255&RFTR=256&PN=12&onlyAvailable=1&XUA=rovicondor&ECT=5&ver=3.0&RPR=10&TypeFilter=Game,Team,Tournament,SportsGroup&idns=dl,-cat&criteria=name-genre,lineupId-lineupId,os-next,sc-context&me=discover_available_video_by_genre&sub=sports",
         "series":"http://cloud.rovicorp.com/discover/2.1/2/search?name={genre}&lineupId={lineupId}&os={next}&sc={context}&DS=255&RFTR=256&PN=12&onlyAvailable=1&XUA=rovicondor&ECT=5&ver=3.0&RPR=10&TypeFilter=tvseries,episode&idns=dl,-cat&criteria=name-genre,lineupId-lineupId,os-next,sc-context&me=discover_available_video_by_genre&sub=series"
      },
      "discover_available_video_by_conversation":{
         "content":"http://cloud.rovicorp.com/discover/2.1/2/conversation?W={query}&lineupId={lineupId}&vsc={context}&ECT=5&ver=3.0&XUA=rovicondor&PN=12&onlyAvailable=1&RFTR=256&RPR=10&idns=dl,-cat&criteria=W-query,lineupId-lineupId,vsc-context&me=discover_available_video_by_conversation&sub=content"
      },
      "data_delta_season":"http://cloud.rovicorp.com/data/2/2.4/delta/season?day={day}&size=100&next={next}",
      "mgmt_session_login":"http://cloud.rovicorp.com/mgmt/v1/users/{userId}/login?authToken={authToken}&authTokenSecret={authTokenSecret}&authVerifier={authVerifier}&Client-Device-Id={clientId}",
      "mgmt_session":"http://cloud.rovicorp.com/mgmt/v1/users/session",
      "data_episode_appearances":"http://cloud.rovicorp.com/data/2/2.4/lookup/episode/{id}/service/{serviceId};offering=AU,BR,CA,CN,IN,EUR,LTA,RU,SEA,US,TR/appearances/{date}?size=20&page={page}",
      "discover_all_video_by_genre":{
         "content":"http://cloud.rovicorp.com/discover/2.1/2/search?name={genre}&lineupId={lineupId}&os={next}&sc={context}&DS=255&RFTR=256&PN=524300&XUA=rovicondor&ECT=5&ver=3.0&RPR=10&idns=dl,-cat&criteria=name-genre,os-next,sc-context&me=discover_all_video_by_genre&sub=content",
         "movies":"http://cloud.rovicorp.com/discover/2.1/2/search?name={genre}&lineupId={lineupId}&os={next}&sc={context}&DS=255&RFTR=256&PN=524300&XUA=rovicondor&ECT=5&ver=3.0&RPR=10&TypeFilter=movie,sequel&idns=dl,-cat&criteria=name-genre,os-next,sc-context&me=discover_all_video_by_genre&sub=movies",
         "sports":"http://cloud.rovicorp.com/discover/2.1/2/search?name={genre}&lineupId={lineupId}&os={next}&sc={context}&DS=255&RFTR=256&PN=524300&XUA=rovicondor&ECT=5&ver=3.0&RPR=10&TypeFilter=Game,Team,Tournament,SportsGroup&idns=dl,-cat&criteria=name-genre,os-next,sc-context&me=discover_all_video_by_genre&sub=sports",
         "series":"http://cloud.rovicorp.com/discover/2.1/2/search?name={genre}&lineupId={lineupId}&os={next}&sc={context}&DS=255&RFTR=256&PN=524300&XUA=rovicondor&ECT=5&ver=3.0&RPR=10&TypeFilter=tvseries,episode&idns=dl,-cat&criteria=name-genre,os-next,sc-context&me=discover_all_video_by_genre&sub=series"
      },
      "data_series_specials":"http://cloud.rovicorp.com/data/2/2.4/browse/episode.(id=$series.id,links=.(data_series_episodes=.(id=$series.id),data_series=.(id=$series.id)),id,r_episode,title,withinSeries);series.id={id};season=null?page={page}&size=20",
      "data_delta_series":"http://cloud.rovicorp.com/data/2/2.4/delta/series?day={day}&size=100&next={next}",
      "data_other_credits":{
         "cast":"http://cloud.rovicorp.com/data/2/2.4/lookup/other.(*,person.image:type=:first)/{id}/credits;isCast=true?page={page}&size=20&by={by},{by2},{by3},{by4},{by5}&in={in},{in2},{in3}",
         "crew":"http://cloud.rovicorp.com/data/2/2.4/lookup/other.(*,person.image:type=:first)/{id}/credits;isCast=false?page={page}&size=20&by={by},{by2},{by3},{by4},{by5}&in={in},{in2},{in3}",
         "credits":"http://cloud.rovicorp.com/data/2/2.4/lookup/other.(*,person.image:type=:first)/{id}/credits?page={page}&size=20&by={by},{by2},{by3},{by4},{by5}&in={in},{in2},{in3}"
      },
      "data_release_images":{
         "collection":"http://cloud.rovicorp.com/data/2/2.4/lookup/release/{id}/images?size=50&page={page}&in={in},{in2},{in3}",
         "best":"http://cloud.rovicorp.com/data/2/2.4/batch/release/{id},{id2},{id3}/images/first?by={by},{by2},{by3},{by4},{by5}&in={in},{in2},{in3}"
      },
      "pin_user":"http://cloud.rovicorp.com/pin/v1/users",
      "data_series_credits":{
         "cast":"http://cloud.rovicorp.com/data/2/2.4/lookup/series.(*,person.image:type=:first)/{id}/credits;isCast=true?page={page}&size=20&by={by},{by2},{by3},{by4},{by5}&in={in},{in2},{in3}",
         "crew":"http://cloud.rovicorp.com/data/2/2.4/lookup/series.(*,person.image:type=:first)/{id}/credits;isCast=false?page={page}&size=20&by={by},{by2},{by3},{by4},{by5}&in={in},{in2},{in3}",
         "credits":"http://cloud.rovicorp.com/data/2/2.4/lookup/series.(*,person.image:type=:first)/{id}/credits?page={page}&size=20&by={by},{by2},{by3},{by4},{by5}&in={in},{in2},{in3}"
      },
      "mgmt_recording_single":"http://cloud.rovicorp.com/mgmt/v1/users/{userId}/devices/{deviceId}/future_recordings/{recordingId}?idns={idns}",
      "data_episode_releases":"http://cloud.rovicorp.com/data/2/2.4/lookup/episode/{id}/releases?in={in},{in2},{in3}&page={page}&size=50",
      "mgmt_session_logout":"http://cloud.rovicorp.com/mgmt/v1/users/{userId}/logout?authToken={authToken}&authTokenSecret={authTokenSecret}&authVerifier={authVerifier}&sessionId={sessionId}",
      "data_release_credits":{
         "cast":"http://cloud.rovicorp.com/data/2/2.4/lookup/release.(*,person.image:type=:first)/{id}/credits;isCast=true?in={in},{in2},{in3}&page={page}&size=20&by={by}",
         "crew":"http://cloud.rovicorp.com/data/2/2.4/lookup/release.(*,person.image:type=:first)/{id}/credits;isCast=false?in={in},{in2},{in3}&page={page}&size=20&by={by}",
         "credits":"http://cloud.rovicorp.com/data/2/2.4/lookup/release.(*,person.image:type=:first)/{id}/credits?in={in},{in2},{in3}&page={page}&size=20&by={by}"
      },
      "data_other_ratings":"http://cloud.rovicorp.com/data/2/2.4/lookup/other/{id}/ratings;countries={country}",
      "data_content":"http://cloud.rovicorp.com/data/2/2.4/lookup/content/{id};market=?in={in},{in2},{in3}",
      "data_person":"http://cloud.rovicorp.com/data/2/2.4/lookup/person.(*,facebooks,twitters,image:type=:first)/{id}?in={in},{in2},{in3}",
      "discover_all_video_by_search":{
         "content":"http://cloud.rovicorp.com/discover/2.1/2/search?W={query}&lineupId={lineupId}&os={next}&sc={context}&idns=dl,-cat&DS=255&RFTR=256&PN=524300&XUA=rovicondor&ECT=5&ver=3.0&RPR=10&criteria=W-query,os-next,sc-context&me=discover_all_video_by_search&sub=content",
         "movies":"http://cloud.rovicorp.com/discover/2.1/2/search?W={query}&lineupId={lineupId}&os={next}&sc={context}&DS=255&RFTR=256&PN=524300&XUA=rovicondor&ECT=5&ver=3.0&RPR=10&TypeFilter=movie,sequel&idns=dl,-cat&criteria=W-query,os-next,sc-context&me=discover_all_video_by_search&sub=movies",
         "sports":"http://cloud.rovicorp.com/discover/2.1/2/search?W={query}&lineupId={lineupId}&os={next}&sc={context}&DS=255&RFTR=256&PN=524300&XUA=rovicondor&ECT=5&ver=3.0&RPR=10&TypeFilter=Game,Team,Tournament,SportsGroup&idns=dl,-cat&criteria=W-query,os-next,sc-context&me=discover_all_video_by_search&sub=sports",
         "series":"http://cloud.rovicorp.com/discover/2.1/2/search?W={query}&lineupId={lineupId}&os={next}&sc={context}&DS=255&RFTR=256&PN=524300&XUA=rovicondor&ECT=5&ver=3.0&RPR=10&TypeFilter=tvseries,episode&idns=dl,-cat&criteria=W-query,os-next,sc-context&me=discover_all_video_by_search&sub=series"
      },
      "data_person_bios":"http://cloud.rovicorp.com/data/2/2.4/lookup/person/{id}/bios;type={type}?in={in},{in2},{in3}",
      "data_release_ratings":"http://cloud.rovicorp.com/data/2/2.4/lookup/release/{id}/ratings;countries={country}?page={page}&size=50",
      "mgmt_user":"http://cloud.rovicorp.com/mgmt/v1/users/",
      "mgmt_diskspace":"http://cloud.rovicorp.com/mgmt/v1/users/{userId}/devices/{deviceId}/diskspace",
      "data_movie_awards":"http://cloud.rovicorp.com/data/2/2.4/lookup/movie.(*,recipients.person.image:type=:first)/{id}/awards?in={in},{in2},{in3}&page={page}&size=20&by={by}",
      "data_person_relatives":"http://cloud.rovicorp.com/data/2/2.4/lookup/person.(*,person.image:type=:first)/{id}/relatives?in={in},{in2},{in3}&page={page}&size=50",
      "data_person_filmography":"http://cloud.rovicorp.com/data/2/2.4/lookup/person/{id}/filmography?in={in},{in2},{in3}&page={page}&size=20",
      "data_movie_releases":"http://cloud.rovicorp.com/data/2/2.4/lookup/movie/{id}/releases?in={in},{in2},{in3}&page={page}&size=50",
      "data_source_airings":{
         "single":"http://cloud.rovicorp.com/data/2/2.4/lookup/source/{id}/airings/{date}?duration=24"
      },
      "data_delta_movie":"http://cloud.rovicorp.com/data/2/2.4/delta/movie?day={day}&size=100&next={next}",
      "discover_all_video_by_conversation":{
         "content":"http://cloud.rovicorp.com/discover/2.1/2/conversation?W={query}&lineupId={lineupId}&vsc={context}&ECT=5&ver=3.0&XUA=rovicondor&PN=524300&RFTR=256&RPR=10&idns=dl,-cat&criteria=W-query,vsc-context&me=discover_all_video_by_conversation&sub=content"
      },
      "data_release_aired":"http://cloud.rovicorp.com/data/2/2.4/lookup/release/{id}/aired;country={country}?page={page}&size=50",
      "mgmt_recordings_series":"http://cloud.rovicorp.com/mgmt/v1/users/{userId}/devices/{deviceId}/series_recordings?page={page}&size={size}&idns={idns}",
      "mgmt_recordings_single":"http://cloud.rovicorp.com/mgmt/v1/users/{userId}/devices/{deviceId}/future_recordings?page={page}&size={size}&idns={idns}",
      "data_episode":"http://cloud.rovicorp.com/data/2/2.4/lookup/episode.(*,moods,tones,themes,keywords,aesthetics,audiences,periods,characters,importance,flags)/{id};market=?in={in},{in2},{in3}",
      "mgmt_devices":"http://cloud.rovicorp.com/mgmt/v1/users/{userId}/devices"
   },
   "schema":"http://cloud.rovicorp.com/api/v1/cf9523927293c1711e75c680bce80e46de7275ae60a8212f8515a9a71b63aff6/2/api.raml"
}