1,1,"Walking Dead, The",Days Gone Bye,9.2,14793,2010
1,2,"Walking Dead, The",Guts,8.7,9108,2010
1,3,"Walking Dead, The",Tell It to the Frogs,8.3,8291,2010
1,4,"Walking Dead, The",Vatos,8.6,8109,2010
1,5,"Walking Dead, The",Wildfire,8.3,7722,2010
1,6,"Walking Dead, The",TS-19,8.7,8467,2010
2,1,"Walking Dead, The",What Lies Ahead,8.6,7864,2011
2,2,"Walking Dead, The",Bloodletting,8.1,6908,2011
2,3,"Walking Dead, The",Save the Last One,8.4,6998,2011
2,4,"Walking Dead, The",Cherokee Rose,7.7,6750,2011
2,5,"Walking Dead, The",Chupacabra,8.2,6787,2011
2,6,"Walking Dead, The",Secrets,7.8,6573,2011
2,7,"Walking Dead, The",Pretty Much Dead Already,9.3,9999,2011
2,8,"Walking Dead, The",Nebraska,8.3,6653,2012
2,9,"Walking Dead, The",Triggerfinger,8.4,6448,2012
2,10,"Walking Dead, The",18 Miles Out,8.6,6668,2012
2,11,"Walking Dead, The","Judge, Jury, Executioner",8.6,6784,2012
2,12,"Walking Dead, The",Better Angels,9.1,8013,2012
2,13,"Walking Dead, The",Beside the Dying Fire,9.2,9368,2012
3,1,"Walking Dead, The",Seed,8.9,8630,2012
3,2,"Walking Dead, The",Sick,8.7,6917,2012
3,3,"Walking Dead, The",Walk with Me,8.3,6680,2012
3,4,"Walking Dead, The",Killer Within,9.4,9415,2012
3,5,"Walking Dead, The",Say the Word,8.3,6100,2012
3,6,"Walking Dead, The",Hounded,8.4,5960,2012
3,7,"Walking Dead, The",When the Dead Come Knocking,8.7,6120,2012
3,8,"Walking Dead, The",Made to Suffer,9.0,6794,2012
3,9,"Walking Dead, The","Suicide King, The",8.2,6286,2013
3,10,"Walking Dead, The",Home,8.8,6751,2013
3,11,"Walking Dead, The",I Ain't a Judas,7.9,6029,2013
3,12,"Walking Dead, The",Clear,8.8,7381,2013
3,13,"Walking Dead, The",Arrow on the Doorpost,7.8,6261,2013
3,14,"Walking Dead, The",Prey,8.0,6237,2013
3,15,"Walking Dead, The",This Sorrowful Life,8.9,7080,2013
3,16,"Walking Dead, The",Welcome to the Tombs,8.3,7736,2013
4,1,"Walking Dead, The",30 Days Without an Accident,8.3,8287,2013
4,2,"Walking Dead, The",Infected,8.5,6774,2013
4,3,"Walking Dead, The",Isolation,8.2,6151,2013
4,4,"Walking Dead, The",Indifference,8.1,6178,2013
4,5,"Walking Dead, The",Internment,8.9,7703,2013
4,6,"Walking Dead, The",Live Bait,7.9,6558,2013
4,7,"Walking Dead, The",Dead Weight,7.9,6350,2013
4,8,"Walking Dead, The",Too Far Gone,9.7,17425,2013
4,9,"Walking Dead, The",After,8.2,7181,2014
4,10,"Walking Dead, The",Inmates,8.3,6489,2014
4,11,"Walking Dead, The",Claimed,8.3,6227,2014
4,12,"Walking Dead, The",Still,7.2,9053,2014
4,13,"Walking Dead, The",Alone,8.1,6413,2014
4,14,"Walking Dead, The","Grove, The",9.2,10413,2014
4,15,"Walking Dead, The",Us,8.6,6254,2014
4,16,"Walking Dead, The",A,9.1,10033,2014
5,1,"Walking Dead, The",No Sanctuary,9.6,19261,2014
5,2,"Walking Dead, The",Strangers,8.6,8120,2014
5,3,"Walking Dead, The",Four Walls and a Roof,9.1,8811,2014
5,4,"Walking Dead, The",Slabtown,7.7,7977,2014
5,5,"Walking Dead, The",Self Help,8.1,6843,2014
5,6,"Walking Dead, The",Consumed,8.2,6593,2014
5,7,"Walking Dead, The",Crossed,8.1,6088,2014
5,8,"Walking Dead, The",Coda,8.8,8709,2014
5,9,"Walking Dead, The",What Happened and What's Going On,8.0,8461,2015
5,10,"Walking Dead, The",Them,7.6,6881,2015
5,11,"Walking Dead, The","Distance, The",8.6,6469,2015
5,12,"Walking Dead, The",Remember,8.8,6639,2015
5,13,"Walking Dead, The",Forget,8.1,5830,2015
5,14,"Walking Dead, The",Spend,9.0,7558,2015
5,15,"Walking Dead, The",Try,8.6,6277,2015
5,16,"Walking Dead, The",Conquer,9.3,10883,2015
6,1,"Walking Dead, The",First Time Again,8.8,10422,2015
6,2,"Walking Dead, The",JSS,9.3,10097,2015
6,3,"Walking Dead, The",Thank You,9.4,11008,2015
6,4,"Walking Dead, The",Here's Not Here,8.3,9107,2015
6,5,"Walking Dead, The",Now,7.4,6511,2015
6,6,"Walking Dead, The",Always Accountable,7.8,6008,2015
6,7,"Walking Dead, The",Heads Up,8.3,5957,2015
6,8,"Walking Dead, The",Start to Finish,8.1,6537,2015
6,9,"Walking Dead, The",No Way Out,9.7,19534,2016
6,10,"Walking Dead, The","Next World, The",8.5,6710,2016
6,11,"Walking Dead, The",Knots Untie,8.4,5547,2016
6,12,"Walking Dead, The",Not Tomorrow Yet,9.1,7225,2016
6,13,"Walking Dead, The","Same Boat, The",8.7,6685,2016
6,14,"Walking Dead, The",Twice as Far,8.2,5576,2016
6,15,"Walking Dead, The",East,8.1,5548,2016
6,16,"Walking Dead, The",Last Day on Earth,6.2,22722,2016
7,1,"Walking Dead, The","Day Will Come When You Won't Be, The",9.2,29281,2016
7,2,"Walking Dead, The","Well, The",7.3,7974,2016
7,3,"Walking Dead, The","Cell, The",7.8,6548,2016
7,4,"Walking Dead, The",Service,7.9,6247,2016
7,5,"Walking Dead, The",Go Getters,7.1,5567,2016
7,6,"Walking Dead, The",Swear,5.8,7516,2016
7,7,"Walking Dead, The",Sing Me a Song,8.3,5345,2016
7,8,"Walking Dead, The",Hearts Still Beating,9.0,6389,2016
7,9,"Walking Dead, The",Rock in the Road,8.6,3056,2017
7,10,"Walking Dead, The",New Best Friends,,,2017
7,11,"Walking Dead, The",Hostiles and Calamities,,,2017
7,12,"Walking Dead, The",Say Yes,,,2017
7,13,"Walking Dead, The",Bury Me Here,,,2017
7,14,"Walking Dead, The",Episode #7.14,,,2017
7,15,"Walking Dead, The",Episode #7.15,,,2017
7,16,"Walking Dead, The",Episode #7.16,,,2017
8,1,"Walking Dead, The",Episode #8.1,,,2017
8,2,"Walking Dead, The",Episode #8.2,,,2017
8,3,"Walking Dead, The",Episode #8.3,,,2017
8,4,"Walking Dead, The",Episode #8.4,,,2017
8,5,"Walking Dead, The",Episode #8.5,,,2017
8,6,"Walking Dead, The",Episode #8.6,,,2017
8,7,"Walking Dead, The",Episode #8.7,,,
8,8,"Walking Dead, The",Episode #8.8,,,
8,9,"Walking Dead, The",Episode #8.9,,,2018
8,10,"Walking Dead, The",Episode #8.10,,,
8,11,"Walking Dead, The",Episode #8.11,,,
8,12,"Walking Dead, The",Episode #8.12,,,
8,13,"Walking Dead, The",Episode #8.13,,,
8,14,"Walking Dead, The",Episode #8.14,,,
8,15,"Walking Dead, The",Episode #8.15,,,
8,16,"Walking Dead, The",Episode #8.16,,,
